tile_size,budget_fraction,dynamic_relative_error,static_relative_error,uniform_int8_relative_error,dynamic_high_precision_cols,static_high_precision_cols
8,0.0,0.036911740899086,0.036911740899086,0.036911740899086,0,0
8,0.01,0.036911740899086,0.036911740899086,0.036911740899086,0,0
8,0.02,0.036911740899086,0.036911740899086,0.036911740899086,0,0
8,0.05,0.036911740899086,0.036911740899086,0.036911740899086,0,0
8,0.1,0.026089543476700783,0.03492790833115578,0.036911740899086,32,32
8,0.2,0.00244802120141685,0.03274323418736458,0.036911740899086,64,64
8,0.3,0.00244802120141685,0.03274323418736458,0.036911740899086,64,64
16,0.0,0.04834504798054695,0.04834504798054695,0.048345040529966354,0,0
16,0.01,0.04834504798054695,0.04834504798054695,0.048345040529966354,0,0
16,0.02,0.04834504798054695,0.04834504798054695,0.048345040529966354,0,0
16,0.05,0.028627917170524597,0.04666450247168541,0.048345040529966354,16,16
16,0.1,0.025458600372076035,0.04516533389687538,0.048345040529966354,32,32
16,0.2,0.002811423037201166,0.043271489441394806,0.048345040529966354,48,48
16,0.3,0.00240825186483562,0.03151905536651611,0.048345040529966354,80,80
32,0.0,0.031766124069690704,0.031766124069690704,0.031766127794981,0,0
32,0.01,0.031766124069690704,0.031766124069690704,0.031766127794981,0,0
32,0.02,0.028896136209368706,0.0313803106546402,0.031766127794981,8,8
32,0.05,0.026198018342256546,0.030896035954356194,0.031766127794981,16,16
32,0.1,0.02160324715077877,0.030353248119354248,0.031766127794981,24,24
32,0.2,0.0024119894951581955,0.028797436505556107,0.031766127794981,48,48
32,0.3,0.002132820663973689,0.026708977296948433,0.031766127794981,80,80
64,0.0,0.03489827737212181,0.03489827737212181,0.03489828109741211,0,0
64,0.01,0.028541717678308487,0.03459625691175461,0.03489828109741211,4,4
64,0.02,0.028541717678308487,0.03459625691175461,0.03489828109741211,4,4
64,0.05,0.024492625147104263,0.03399370238184929,0.03489828109741211,12,12
64,0.1,0.0028703610878437757,0.03328172490000725,0.03489828109741211,24,24
64,0.2,0.0022635606583207846,0.031273599714040756,0.03489828109741211,52,52
64,0.3,0.002084951614961028,0.029438380151987076,0.03489828109741211,76,76
128,0.0,0.03262657672166824,0.03262657672166824,0.03262657672166824,0,0
128,0.01,0.03176724165678024,0.032463863492012024,0.03262657672166824,2,2
128,0.02,0.02815493755042553,0.032230865210294724,0.03262657672166824,6,6
128,0.05,0.022000089287757874,0.031896814703941345,0.03262657672166824,12,12
128,0.1,0.0023668543435633183,0.031050177291035652,0.03262657672166824,26,26
128,0.2,0.002150848973542452,0.029546702280640602,0.03262657672166824,52,52
128,0.3,0.0019763358868658543,0.02742108702659607,0.03262657672166824,76,76
256,0.0,0.03376364707946777,0.03376364707946777,0.033763643354177475,0,0
256,0.01,0.0297154039144516,0.03354494273662567,0.033763643354177475,3,3
256,0.02,0.027896735817193985,0.03334598243236542,0.033763643354177475,5,5
256,0.05,0.002946898341178894,0.032834798097610474,0.033763643354177475,13,13
256,0.1,0.002538841450586915,0.03206947073340416,0.033763643354177475,26,26
256,0.2,0.002304501598700881,0.030251748859882355,0.033763643354177475,51,51
256,0.3,0.002080414677038789,0.02839856781065464,0.033763643354177475,77,77
