mode,budget_fraction,budget_cols,dynamic_relative_error,static_relative_error,uniform_int8_relative_error
persistent,0.0,0,0.04202185943722725,0.04202185943722725,0.04202185943722725
persistent,0.01,3,0.030207179486751556,0.04151703789830208,0.04202185943722725
persistent,0.02,5,0.029300332069396973,0.04120469465851784,0.04202185943722725
persistent,0.05,13,0.0029782538767904043,0.0029782538767904043,0.04202185943722725
persistent,0.1,26,0.0026325988583266735,0.002895222045481205,0.04202185943722725
persistent,0.15,38,0.0024828598834574223,0.002806892152875662,0.04202185943722725
persistent,0.2,51,0.002372933551669121,0.0026004912797361612,0.04202185943722725
persistent,0.3,77,0.00219405023381114,0.0024116607382893562,0.04202185943722725
moving,0.0,0,0.03298694267868996,0.03298694267868996,0.03298694267868996
moving,0.01,3,0.029923558235168457,0.032811328768730164,0.03298694267868996
moving,0.02,5,0.02889091521501541,0.032713618129491806,0.03298694267868996
moving,0.05,13,0.002603139728307724,0.03218808025121689,0.03298694267868996
moving,0.1,26,0.0023511426988989115,0.03148351237177849,0.03298694267868996
moving,0.15,38,0.0022070875857025385,0.030753474682569504,0.03298694267868996
moving,0.2,51,0.0021292311139404774,0.029726294800639153,0.03298694267868996
moving,0.3,77,0.0019158374052494764,0.027908621355891228,0.03298694267868996
