threshold,actual_outlier_fraction,outlier_count,cado_relative_error,uniform_int8_relative_error
2.0,0.99609375,255,7.806361827533692e-05,0.037270303815603256
3.0,0.36328125,93,0.002024655230343342,0.037140876054763794
4.0,0.0546875,14,0.0026865594554692507,0.03910282254219055
5.0,0.05078125,13,0.0030228369869291782,0.035038743168115616
6.0,0.05078125,13,0.003125043585896492,0.03746955469250679
7.0,0.05078125,13,0.0030917704571038485,0.0343603789806366
8.0,0.05078125,13,0.0029993399512022734,0.03507642820477486
9.0,0.05078125,13,0.0031020715832710266,0.03557508811354637
10.0,0.05078125,13,0.003082271432504058,0.032548852264881134
